JASON TRAP;A Thoughtful Tale of a Woman And a A Shark who must Conquer a Dog in A Monastery;2006;130;NC-17
TYCOON GATHERING;A Emotional Display of a Husband And a A Shark who must Succumb a Madman in A Manhattan Penthouse;2006;82;G
SADDLE ANTITRUST;A Stunning Epistle of a Feminist And a A Shark who must Battle a Woman in An Abandoned Fun House;2006;80;PG-13
STOCK GLASS;A Boring Epistle of a Crocodile And a Lumberjack who must Outgun a Moose in Ancient China;2006;160;PG
CHAPLIN LICENSE;A Boring Drama of a Dog And a Forensic Psychologist who must Outrace a Explorer in Ancient India;2006;146;NC-17
NORTH TEQUILA;A Beautiful Character Study of a Mad Cow And a Robot who must Reach a Womanizer in New Orleans;2006;67;NC-17
SAVANNAH TOWN;A Awe-Inspiring Tale of a Astronaut And a Database Administrator who must Chase a Secret Agent in The Gulf of Mexico;2006;84;PG-13
DINOSAUR SECRETARY;A Action-Packed Drama of a Feminist And a Girl who must Reach a Robot in The Canadian Rockies;2006;63;R
LOVELY JINGLE;A Fanciful Yarn of a Crocodile And a Forensic Psychologist who must Discover a Crocodile in The Outback;2006;65;PG
WORKER TARZAN;A Action-Packed Yarn of a Secret Agent And a Technical Writer who must Battle a Sumo Wrestler in The First Manned Space Station;2006;139;R
CONSPIRACY SPIRIT;A Awe-Inspiring Story of a Student And a Frisbee who must Conquer a Crocodile in An Abandoned Mine Shaft;2006;184;PG-13
JET NEIGHBORS;A Amazing Display of a Lumberjack And a Teacher who must Outrace a Woman in A U-Boat;2006;59;R
SOLDIERS EVOLUTION;A Lacklusture Panorama of a A Shark And a Pioneer who must Confront a Student in The First Manned Space Station;2006;185;R
DAISY MENAGERIE;A Fast-Paced Saga of a Pastry Chef And a Monkey who must Sink a Composer in Ancient India;2006;84;G
BABY HALL;A Boring Character Study of a A Shark And a Girl who must Outrace a Feminist in An Abandoned Mine Shaft;2006;153;NC-17
BEETHOVEN EXORCIST;A Epic Display of a Pioneer And a Student who must Challenge a Butler in The Gulf of Mexico;2006;151;PG-13
JEEPERS WEDDING;A Astounding Display of a Composer And a Dog who must Kill a Pastry Chef in Soviet Georgia;2006;84;R
VELVET TERMINATOR;A Lacklusture Tale of a Pastry Chef And a Technical Writer who must Confront a Crocodile in An Abandoned Amusement Park;2006;173;R
HUSTLER PARTY;A Emotional Reflection of a Sumo Wrestler And a Monkey who must Conquer a Robot in The Sahara Desert;2006;83;NC-17
RINGS HEARTBREAKERS;A Amazing Yarn of a Sumo Wrestler And a Boat who must Conquer a Waitress in New Orleans;2006;58;G
