AIRPLANE SIERRA;A Touching Saga of a Hunter And a Butler who must Discover a Butler in A Jet Boat;2006;62;PG-13
COAST RAINBOW;A Astounding Documentary of a Mad Cow And a Pioneer who must Challenge a Butler in The Sahara Desert;2006;55;PG
TREASURE COMMAND;A Emotional Saga of a Car And a Madman who must Discover a Pioneer in California;2006;102;PG-13
STEERS ARMAGEDDON;A Stunning Character Study of a Car And a Girl who must Succumb a Car in A MySQL Convention;2006;140;PG
HEARTBREAKERS BRIGHT;A Awe-Inspiring Documentary of a A Shark And a Dentist who must Outrace a Pastry Chef in The Canadian Rockies;2006;59;G
BONNIE HOLOCAUST;A Fast-Paced Story of a Crocodile And a Robot who must Find a Moose in Ancient Japan;2006;63;G
ELIZABETH SHANE;A Lacklusture Display of a Womanizer And a Dog who must Face a Sumo Wrestler in Ancient Japan;2006;152;NC-17
WEREWOLF LOLA;A Fanciful Story of a Man And a Sumo Wrestler who must Outrace a Student in A Monastery;2006;79;G
OLEANDER CLUE;A Boring Story of a Teacher And a Monkey who must Succumb a Forensic Psychologist in A Jet Boat;2006;161;PG
ACADEMY DINOSAUR;A Epic Drama of a Feminist And a Mad Scientist who must Battle a Teacher in The Canadian Rockies;2006;86;PG
MUSSOLINI SPOILERS;A Thrilling Display of a Boat And a Monkey who must Meet a Composer in Ancient China;2006;180;G
ANTHEM LUKE;A Touching Panorama of a Waitress And a Woman who must Outrace a Dog in An Abandoned Amusement Park;2006;91;PG-13
EGG IGBY;A Beautiful Documentary of a Boat And a Sumo Wrestler who must Succumb a Database Administrator in The First Manned Space Station;2006;67;PG
SHEPHERD MIDSUMMER;A Thoughtful Drama of a Robot And a Womanizer who must Kill a Lumberjack in A Baloon;2006;113;R
KISS GLORY;A Lacklusture Reflection of a Girl And a Husband who must Find a Robot in The Canadian Rockies;2006;163;PG-13
APOLLO TEEN;A Action-Packed Reflection of a Crocodile And a Explorer who must Find a Sumo Wrestler in An Abandoned Mine Shaft;2006;153;PG-13
ALTER VICTORY;A Thoughtful Drama of a Composer And a Feminist who must Meet a Secret Agent in The Canadian Rockies;2006;57;PG-13
ARSENIC INDEPENDENCE;A Fanciful Documentary of a Mad Cow And a Womanizer who must Find a Dentist in Berlin;2006;137;PG
MIDNIGHT WESTWARD;A Taut Reflection of a Husband And a A Shark who must Redeem a Pastry Chef in A Monastery;2006;86;G
HEAVEN FREEDOM;A Intrepid Story of a Butler And a Car who must Vanquish a Man in New Orleans;2006;48;PG
APOCALYPSE FLAMINGOS;A Astounding Story of a Dog And a Squirrel who must Defeat a Woman in An Abandoned Amusement Park;2006;119;R
PARK CITIZEN;A Taut Epistle of a Sumo Wrestler And a Girl who must Face a Husband in Ancient Japan;2006;109;PG-13
AFFAIR PREJUDICE;A Fanciful Documentary of a Frisbee And a Lumberjack who must Chase a Monkey in A Shark Tank;2006;117;G
HIGH ENCINO;A Fateful Saga of a Waitress And a Hunter who must Outrace a Sumo Wrestler in Australia;2006;84;R
CAROL TEXAS;A Astounding Character Study of a Composer And a Student who must Overcome a Composer in A Monastery;2006;151;PG
