HOTEL HAPPINESS;A Thrilling Yarn of a Pastry Chef And a A Shark who must Challenge a Mad Scientist in The Outback;2006;181;PG-13
BULL SHAWSHANK;A Fanciful Drama of a Moose And a Squirrel who must Conquer a Pioneer in The Canadian Rockies;2006;125;NC-17
DRIVER ANNIE;A Lacklusture Character Study of a Butler And a Car who must Redeem a Boat in An Abandoned Fun House;2006;159;PG-13
AGENT TRUMAN;A Intrepid Panorama of a Robot And a Boy who must Escape a Sumo Wrestler in Ancient China;2006;169;PG
CANDIDATE PERDITION;A Brilliant Epistle of a Composer And a Database Administrator who must Vanquish a Mad Scientist in The First Manned Space Station;2006;70;R
SHAKESPEARE SADDLE;A Fast-Paced Panorama of a Lumberjack And a Database Administrator who must Defeat a Madman in A MySQL Convention;2006;60;PG-13
STREETCAR INTENTIONS;A Insightful Character Study of a Waitress And a Crocodile who must Sink a Waitress in The Gulf of Mexico;2006;73;R
CANDLES GRAPES;A Fanciful Character Study of a Monkey And a Explorer who must Build a Astronaut in An Abandoned Fun House;2006;135;NC-17
GORGEOUS BINGO;A Action-Packed Display of a Sumo Wrestler And a Car who must Overcome a Waitress in A Baloon Factory;2006;108;R
IDENTITY LOVER;A Boring Tale of a Composer And a Mad Cow who must Defeat a Car in The Outback;2006;119;PG-13
PERSONAL LADYBUGS;A Epic Saga of a Hunter And a Technical Writer who must Conquer a Cat in Ancient Japan;2006;118;PG-13
DIVIDE MONSTER;A Intrepid Saga of a Man And a Forensic Psychologist who must Reach a Squirrel in A Monastery;2006;68;PG-13
ARTIST COLDBLOODED;A Stunning Reflection of a Robot And a Moose who must Challenge a Woman in California;2006;170;NC-17
WOLVES DESIRE;A Fast-Paced Drama of a Squirrel And a Robot who must Succumb a Technical Writer in A Manhattan Penthouse;2006;55;NC-17
OLEANDER CLUE;A Boring Story of a Teacher And a Monkey who must Succumb a Forensic Psychologist in A Jet Boat;2006;161;PG
YOUTH KICK;A Touching Drama of a Teacher And a Cat who must Challenge a Technical Writer in A U-Boat;2006;179;NC-17
LOVELY JINGLE;A Fanciful Yarn of a Crocodile And a Forensic Psychologist who must Discover a Crocodile in The Outback;2006;65;PG
BLACKOUT PRIVATE;A Intrepid Yarn of a Pastry Chef And a Mad Scientist who must Challenge a Secret Agent in Ancient Japan;2006;85;PG
SPLENDOR PATTON;A Taut Story of a Dog And a Explorer who must Find a Astronaut in Berlin;2006;134;R
SAVANNAH TOWN;A Awe-Inspiring Tale of a Astronaut And a Database Administrator who must Chase a Secret Agent in The Gulf of Mexico;2006;84;PG-13
STATE WASTELAND;A Beautiful Display of a Cat And a Pastry Chef who must Outrace a Mad Cow in A Jet Boat;2006;113;NC-17
DESTINY SATURDAY;A Touching Drama of a Crocodile And a Crocodile who must Conquer a Explorer in Soviet Georgia;2006;56;G
HELLFIGHTERS SIERRA;A Taut Reflection of a A Shark And a Dentist who must Battle a Boat in Soviet Georgia;2006;75;PG
JUMPING WRATH;A Touching Epistle of a Monkey And a Feminist who must Discover a Boat in Berlin;2006;74;NC-17
SLEEPING SUSPECTS;A Stunning Reflection of a Sumo Wrestler And a Explorer who must Sink a Frisbee in A MySQL Convention;2006;129;PG-13
STRANGER STRANGERS;A Awe-Inspiring Yarn of a Womanizer And a Explorer who must Fight a Woman in The First Manned Space Station;2006;139;G
STREAK RIDGEMONT;A Astounding Character Study of a Hunter And a Waitress who must Sink a Man in New Orleans;2006;132;PG-13
VANISHED GARDEN;A Intrepid Character Study of a Squirrel And a A Shark who must Kill a Lumberjack in California;2006;142;R
MAGNOLIA FORRESTER;A Thoughtful Documentary of a Composer And a Explorer who must Conquer a Dentist in New Orleans;2006;171;PG-13
POSEIDON FOREVER;A Thoughtful Epistle of a Womanizer And a Monkey who must Vanquish a Dentist in A Monastery;2006;159;PG-13
OZ LIAISONS;A Epic Yarn of a Mad Scientist And a Cat who must Confront a Womanizer in A Baloon Factory;2006;85;R
DARN FORRESTER;A Fateful Story of a A Shark And a Explorer who must Succumb a Technical Writer in A Jet Boat;2006;185;G
GOLDMINE TYCOON;A Brilliant Epistle of a Composer And a Frisbee who must Conquer a Husband in The Outback;2006;153;R
SPEED SUIT;A Brilliant Display of a Frisbee And a Mad Scientist who must Succumb a Robot in Ancient China;2006;124;PG-13
HOCUS FRIDA;A Awe-Inspiring Tale of a Girl And a Madman who must Outgun a Student in A Shark Tank;2006;141;G
CASSIDY WYOMING;A Intrepid Drama of a Frisbee And a Hunter who must Kill a Secret Agent in New Orleans;2006;61;NC-17
SONS INTERVIEW;A Taut Character Study of a Explorer And a Mad Cow who must Battle a Hunter in Ancient China;2006;184;NC-17
