ALTER VICTORY;A Thoughtful Drama of a Composer And a Feminist who must Meet a Secret Agent in The Canadian Rockies;2006;57;PG-13
BEHAVIOR RUNAWAY;A Unbelieveable Drama of a Student And a Husband who must Outrace a Sumo Wrestler in Berlin;2006;100;PG
BENEATH RUSH;A Astounding Panorama of a Man And a Monkey who must Discover a Man in The First Manned Space Station;2006;53;NC-17
CAMPUS REMEMBER;A Astounding Drama of a Crocodile And a Mad Cow who must Build a Robot in A Jet Boat;2006;167;R
CANDLES GRAPES;A Fanciful Character Study of a Monkey And a Explorer who must Build a Astronaut in An Abandoned Fun House;2006;135;NC-17
COAST RAINBOW;A Astounding Documentary of a Mad Cow And a Pioneer who must Challenge a Butler in The Sahara Desert;2006;55;PG
CRANES RESERVOIR;A Fanciful Documentary of a Teacher And a Dog who must Outgun a Forensic Psychologist in A Baloon Factory;2006;57;NC-17
CRYSTAL BREAKING;A Fast-Paced Character Study of a Feminist And a Explorer who must Face a Pastry Chef in Ancient Japan;2006;184;NC-17
DEEP CRUSADE;A Amazing Tale of a Crocodile And a Squirrel who must Discover a Composer in Australia;2006;51;PG-13
FORRESTER COMANCHEROS;A Fateful Tale of a Squirrel And a Forensic Psychologist who must Redeem a Man in Nigeria;2006;112;NC-17
HAWK CHILL;A Action-Packed Drama of a Mad Scientist And a Composer who must Outgun a Car in Australia;2006;47;PG-13
HIGHBALL POTTER;A Action-Packed Saga of a Husband And a Dog who must Redeem a Database Administrator in The Sahara Desert;2006;110;R
INSTINCT AIRPORT;A Touching Documentary of a Mad Cow And a Explorer who must Confront a Butler in A Manhattan Penthouse;2006;116;PG
INTRIGUE WORST;A Fanciful Character Study of a Explorer And a Mad Scientist who must Vanquish a Squirrel in A Jet Boat;2006;181;G
JERK PAYCHECK;A Touching Character Study of a Pastry Chef And a Database Administrator who must Reach a A Shark in Ancient Japan;2006;172;NC-17
KNOCK WARLOCK;A Unbelieveable Story of a Teacher And a Boat who must Confront a Moose in A Baloon;2006;71;PG-13
KRAMER CHOCOLATE;A Amazing Yarn of a Robot And a Pastry Chef who must Redeem a Mad Scientist in The Outback;2006;171;R
LAMBS CINCINATTI;A Insightful Story of a Man And a Feminist who must Fight a Composer in Australia;2006;144;PG-13
LOVER TRUMAN;A Emotional Yarn of a Robot And a Boy who must Outgun a Technical Writer in A U-Boat;2006;75;G
PINOCCHIO SIMON;A Action-Packed Reflection of a Mad Scientist And a A Shark who must Find a Feminist in California;2006;103;PG
RANDOM GO;A Fateful Drama of a Frisbee And a Student who must Confront a Cat in A Shark Tank;2006;73;NC-17
SCALAWAG DUCK;A Fateful Reflection of a Car And a Teacher who must Confront a Waitress in A Monastery;2006;183;NC-17
SECRETS PARADISE;A Fateful Saga of a Cat And a Frisbee who must Kill a Girl in A Manhattan Penthouse;2006;109;G
SILENCE KANE;A Emotional Drama of a Sumo Wrestler And a Dentist who must Confront a Sumo Wrestler in A Baloon;2006;67;R
SLUMS DUCK;A Amazing Character Study of a Teacher And a Database Administrator who must Defeat a Waitress in A Jet Boat;2006;147;PG
TOMORROW HUSTLER;A Thoughtful Story of a Moose And a Husband who must Face a Secret Agent in The Sahara Desert;2006;142;R
TOWN ARK;A Awe-Inspiring Documentary of a Moose And a Madman who must Meet a Dog in An Abandoned Mine Shaft;2006;136;R
TRACY CIDER;A Touching Reflection of a Database Administrator And a Madman who must Build a Lumberjack in Nigeria;2006;142;G
UNBREAKABLE KARATE;A Amazing Character Study of a Robot And a Student who must Chase a Robot in Australia;2006;62;G
UNITED PILOT;A Fast-Paced Reflection of a Cat And a Mad Cow who must Fight a Car in The Sahara Desert;2006;164;R
WILLOW TRACY;A Brilliant Panorama of a Boat And a Astronaut who must Challenge a Teacher in A Manhattan Penthouse;2006;137;R
WISDOM WORKER;A Unbelieveable Saga of a Forensic Psychologist And a Student who must Face a Squirrel in The First Manned Space Station;2006;98;R
