AIRPORT POLLOCK;A Epic Tale of a Moose And a Girl who must Confront a Monkey in Ancient India;2006;54;R
ANONYMOUS HUMAN;A Amazing Reflection of a Database Administrator And a Astronaut who must Outrace a Database Administrator in A Shark Tank;2006;179;NC-17
BIRD INDEPENDENCE;A Thrilling Documentary of a Car And a Student who must Sink a Hunter in The Canadian Rockies;2006;163;G
CRUSADE HONEY;A Fast-Paced Reflection of a Explorer And a Butler who must Battle a Madman in An Abandoned Amusement Park;2006;112;R
FELLOWSHIP AUTUMN;A Lacklusture Reflection of a Dentist And a Hunter who must Meet a Teacher in A Baloon;2006;77;NC-17
FLAMINGOS CONNECTICUT;A Fast-Paced Reflection of a Composer And a Composer who must Meet a Cat in The Sahara Desert;2006;80;PG-13
FRONTIER CABIN;A Emotional Story of a Madman And a Waitress who must Battle a Teacher in An Abandoned Fun House;2006;183;PG-13
HARRY IDAHO;A Taut Yarn of a Technical Writer And a Feminist who must Outrace a Dog in California;2006;121;PG-13
JERSEY SASSY;A Lacklusture Documentary of a Madman And a Mad Cow who must Find a Feminist in Ancient Japan;2006;60;PG
JET NEIGHBORS;A Amazing Display of a Lumberjack And a Teacher who must Outrace a Woman in A U-Boat;2006;59;R
MOVIE SHAKESPEARE;A Insightful Display of a Database Administrator And a Student who must Build a Hunter in Berlin;2006;53;PG
MUSSOLINI SPOILERS;A Thrilling Display of a Boat And a Monkey who must Meet a Composer in Ancient China;2006;180;G
NEMO CAMPUS;A Lacklusture Reflection of a Monkey And a Squirrel who must Outrace a Womanizer in A Manhattan Penthouse;2006;131;NC-17
RACER EGG;A Emotional Display of a Monkey And a Waitress who must Reach a Secret Agent in California;2006;147;NC-17
SECRET GROUNDHOG;A Astounding Story of a Cat And a Database Administrator who must Build a Technical Writer in New Orleans;2006;90;PG
SHOOTIST SUPERFLY;A Fast-Paced Story of a Crocodile And a A Shark who must Sink a Pioneer in Berlin;2006;67;PG-13
SNATCHERS MONTEZUMA;A Boring Epistle of a Sumo Wrestler And a Woman who must Escape a Man in The Canadian Rockies;2006;74;PG-13
SPICE SORORITY;A Fateful Display of a Pioneer And a Hunter who must Defeat a Husband in An Abandoned Mine Shaft;2006;141;NC-17
VACATION BOONDOCK;A Fanciful Character Study of a Secret Agent And a Mad Scientist who must Reach a Teacher in Australia;2006;145;R
WATCH TRACY;A Fast-Paced Yarn of a Dog And a Frisbee who must Conquer a Hunter in Nigeria;2006;78;PG
